Family,n_languages,n_exact_one,share_exact_one,mean_rate,median_n_total,mean_abs_latitude,database,share_of_all_boundary_languages
Atlantic-Congo,2380,931,0.3911764705882353,0.7927941373902914,39.0,7.09172268907563,ASJP,0.44439140811455846
Austronesian,1533,350,0.228310502283105,0.6528071897646994,36.0,9.173600782778864,ASJP,0.16706443914081145
Nuclear Trans New Guinea,408,65,0.15931372549019607,0.6488923407337208,40.0,5.720490196078432,ASJP,0.031026252983293555
Sino-Tibetan,995,62,0.062311557788944726,0.6757202598905183,43.0,27.846442211055276,ASJP,0.029594272076372316
Central Sudanic,125,56,0.448,0.9234647488960201,49.0,5.3463199999999995,ASJP,0.02673031026252983
Mande,136,47,0.34558823529411764,0.9199557291018765,40.0,10.417426470588236,ASJP,0.02243436754176611
Pama-Nyungan,212,47,0.22169811320754718,0.7549626072166783,42.5,22.9236320754717,ASJP,0.02243436754176611
Otomanguean,131,42,0.32061068702290074,0.7568882162215452,41.0,17.827786259541984,ASJP,0.020047732696897375
Arawakan,61,38,0.6229508196721312,0.9172658139459396,39.0,8.044918032786885,ASJP,0.018138424821002388
Ijoid,38,31,0.8157894736842105,0.9845466801139348,40.0,4.849473684210526,ASJP,0.014797136038186158
Tucanoan,32,30,0.9375,0.9983506944444445,42.5,0.7615625,ASJP,0.014319809069212411
Kru,33,28,0.8484848484848485,0.9944239389950058,40.0,5.7290909090909095,ASJP,0.013365155131264916
Eleman,18,18,1.0,1.0,40.5,7.917222222222222,ASJP,0.008591885441527447
Afro-Asiatic,488,17,0.03483606557377049,0.5418708743668795,39.0,14.761516393442623,ASJP,0.008114558472553698
Lakes Plain,31,15,0.4838709677419355,0.9230053195303286,37.0,2.97741935483871,ASJP,0.007159904534606206
Tupian,58,12,0.20689655172413793,0.7664518337207461,36.0,10.252413793103448,ASJP,0.005727923627684964
Uto-Aztecan,80,12,0.15,0.6108861259491312,36.0,25.465,ASJP,0.005727923627684964
South Bird's Head,18,10,0.5555555555555556,0.9752576176133592,38.5,1.9855555555555557,ASJP,0.00477326968973747
Koiarian,17,9,0.5294117647058824,0.94944666182463,58.0,9.217647058823529,ASJP,0.0042959427207637235
Huitotoan,10,8,0.8,0.982257448433919,42.5,1.542,ASJP,0.0038186157517899762
Kiwaian,11,8,0.7272727272727273,0.9939480862820634,39.0,7.991818181818181,ASJP,0.0038186157517899762
Indo-European,576,8,0.013888888888888888,0.48664669083101564,41.0,36.11088541666666,ASJP,0.0038186157517899762
Aymaran,9,7,0.7777777777777778,0.9943732193732193,40.0,15.666666666666666,ASJP,0.003341288782816229
Mailuan,12,7,0.5833333333333334,0.9709447045202859,43.5,10.170833333333333,ASJP,0.003341288782816229
Chocoan,9,6,0.6666666666666666,0.9318261818001538,39.0,5.323333333333333,ASJP,0.002863961813842482
Bosavi,12,6,0.5,0.8995674017924166,45.0,6.4075,ASJP,0.002863961813842482
North Halmahera,21,6,0.2857142857142857,0.9102110296820533,32.0,1.14,ASJP,0.002863961813842482
Sko,22,6,0.2727272727272727,0.882568192335847,49.0,2.838636363636364,ASJP,0.002863961813842482
Pano-Tacanan,31,6,0.1935483870967742,0.8738085410884422,39.0,9.234516129032258,ASJP,0.002863961813842482
Cariban,32,6,0.1875,0.8454833007098437,38.0,5.3765625,ASJP,0.002863961813842482
Sepik,49,6,0.12244897959183673,0.6324870218828836,72.0,4.243469387755102,ASJP,0.002863961813842482
Dravidian,84,6,0.07142857142857142,0.6862732748266331,42.0,15.675119047619049,ASJP,0.002863961813842482
Manubaran,6,5,0.8333333333333334,0.998015873015873,85.0,9.633333333333333,ASJP,0.002386634844868735
Teberan,6,5,0.8333333333333334,0.9874999999999999,88.5,6.8566666666666665,ASJP,0.002386634844868735
Suki-Gogodala,8,5,0.625,0.9702612975687104,38.5,8.03,ASJP,0.002386634844868735
Mirndi,10,5,0.5,0.8564859584859585,63.0,16.779,ASJP,0.002386634844868735
Left May,15,5,0.3333333333333333,0.9040502757078908,43.0,4.268666666666666,ASJP,0.002386634844868735
Ta-Ne-Omotic,42,5,0.11904761904761904,0.7968517058078449,43.0,6.8497619047619045,ASJP,0.002386634844868735
Yareban,5,4,0.8,0.975,93.0,9.504000000000001,ASJP,0.0019093078758949881
Arawan,7,4,0.5714285714285714,0.992759527929181,52.0,6.571428571428571,ASJP,0.0019093078758949881
Siouan,18,4,0.2222222222222222,0.87016746824933,46.5,41.67444444444445,ASJP,0.0019093078758949881
Anim,20,4,0.2,0.5905607982450711,77.5,7.5584999999999996,ASJP,0.0019093078758949881
Chibchan,23,4,0.17391304347826086,0.8066455307830956,44.0,9.41,ASJP,0.0019093078758949881
Japonic,34,4,0.11764705882352941,0.8460063453888442,40.0,27.62235294117647,ASJP,0.0019093078758949881
Dogon,63,4,0.06349206349206349,0.869370861917679,43.0,14.534603174603173,ASJP,0.0019093078758949881
Keresan,3,3,1.0,1.0,36.0,35.303333333333335,ASJP,0.001431980906921241
Boran,4,3,0.75,0.9979338842975207,79.5,1.585,ASJP,0.001431980906921241
Tarascan,4,3,0.75,0.9976415094339622,40.0,19.5,ASJP,0.001431980906921241
Kwalean,6,3,0.5,0.9466366354234,84.5,9.673333333333334,ASJP,0.001431980906921241
Geelvink Bay,9,3,0.3333333333333333,0.9157861192150007,70.0,2.608888888888889,ASJP,0.001431980906921241
Yanomamic,9,3,0.3333333333333333,0.8335898126750256,49.0,3.267777777777778,ASJP,0.001431980906921241
East Strickland,10,3,0.3,0.9037457456611662,80.5,6.1899999999999995,ASJP,0.001431980906921241
Bookkeeping,17,3,0.17647058823529413,0.5023090833462632,45.0,15.225882352941175,ASJP,0.001431980906921241
Nuclear-Macro-Je,22,3,0.13636363636363635,0.6992746856701231,38.0,12.719090909090909,ASJP,0.001431980906921241
Bilua,2,2,1.0,1.0,37.0,7.75,ASJP,0.0009546539379474941
Fasu,2,2,1.0,1.0,74.5,6.58,ASJP,0.0009546539379474941
Kibiri,2,2,1.0,1.0,58.0,7.42,ASJP,0.0009546539379474941
Touo,2,2,1.0,1.0,72.5,8.67,ASJP,0.0009546539379474941
Bororoan,3,2,0.6666666666666666,0.9885057471264368,29.0,15.523333333333333,ASJP,0.0009546539379474941
Kwomtari-Nai,4,2,0.5,0.9853535353535353,59.5,3.6875,ASJP,0.0009546539379474941
Maningrida,4,2,0.5,0.9024966261808367,38.5,12.1875,ASJP,0.0009546539379474941
Guahiboan,6,2,0.3333333333333333,0.6210466078968296,45.0,5.721666666666667,ASJP,0.0009546539379474941
Kolopom,6,2,0.3333333333333333,0.712089785592508,41.0,7.8066666666666675,ASJP,0.0009546539379474941
Turama-Kikori,6,2,0.3333333333333333,0.9306707777296013,67.5,7.325,ASJP,0.0009546539379474941
Kadugli-Krongo,11,2,0.18181818181818182,0.8750714098183319,36.0,10.916363636363636,ASJP,0.0009546539379474941
Dagan,17,2,0.11764705882352941,0.8431887748869776,46.0,9.75235294117647,ASJP,0.0009546539379474941
Eastern Trans-Fly,19,2,0.10526315789473684,0.39263206378097265,39.0,8.89,ASJP,0.0009546539379474941
Algic,39,2,0.05128205128205128,0.3615196216314484,41.0,45.689230769230775,ASJP,0.0009546539379474941
Timor-Alor-Pantar,60,2,0.03333333333333333,0.5028754177545818,36.0,8.341333333333333,ASJP,0.0009546539379474941
Hmong-Mien,113,2,0.017699115044247787,0.6965095448331388,36.0,24.830530973451328,ASJP,0.0009546539379474941
Andaqui,1,1,1.0,1.0,37.0,1.0,ASJP,0.00047732696897374703
Cofán,1,1,1.0,1.0,49.0,0.17,ASJP,0.00047732696897374703
Fulniô,1,1,1.0,1.0,32.0,8.0,ASJP,0.00047732696897374703
Guató,1,1,1.0,1.0,38.0,17.0,ASJP,0.00047732696897374703
Hadza,1,1,1.0,1.0,47.0,3.75,ASJP,0.00047732696897374703
ISOLATE_OR_UNKNOWN__BULARNU,1,1,1.0,1.0,28.0,21.03,ASJP,0.00047732696897374703
ISOLATE_OR_UNKNOWN__DAO_SICHUAN_YAJIANG,1,1,1.0,1.0,95.0,30.0,ASJP,0.00047732696897374703
ISOLATE_OR_UNKNOWN__DHUDHUROA,1,1,1.0,1.0,27.0,35.56,ASJP,0.00047732696897374703
ISOLATE_OR_UNKNOWN__DRAG_YAB,1,1,1.0,1.0,39.0,30.51,ASJP,0.00047732696897374703
ISOLATE_OR_UNKNOWN__DUOXU,1,1,1.0,1.0,38.0,28.53,ASJP,0.00047732696897374703
ISOLATE_OR_UNKNOWN__GUINAU,1,1,1.0,1.0,45.0,4.8,ASJP,0.00047732696897374703
ISOLATE_OR_UNKNOWN__LAMEI,1,1,1.0,1.0,40.0,29.89,ASJP,0.00047732696897374703
ISOLATE_OR_UNKNOWN__LIZU,1,1,1.0,1.0,35.0,28.33,ASJP,0.00047732696897374703
ISOLATE_OR_UNKNOWN__LOJBAN,1,1,1.0,1.0,42.0,38.53,ASJP,0.00047732696897374703
ISOLATE_OR_UNKNOWN__NGONI,1,1,1.0,1.0,52.0,11.0,ASJP,0.00047732696897374703
ISOLATE_OR_UNKNOWN__NGONI_3,1,1,1.0,1.0,88.0,12.55,ASJP,0.00047732696897374703
ISOLATE_OR_UNKNOWN__OOKU,1,1,1.0,1.0,43.0,10.14,ASJP,0.00047732696897374703
ISOLATE_OR_UNKNOWN__PROTO_AYMARAN,1,1,1.0,1.0,35.0,16.5,ASJP,0.00047732696897374703
ISOLATE_OR_UNKNOWN__PROTO_CARIBAN,1,1,1.0,1.0,47.0,0.5,ASJP,0.00047732696897374703
ISOLATE_OR_UNKNOWN__PROTO_IJOID,1,1,1.0,1.0,34.0,4.5,ASJP,0.00047732696897374703
ISOLATE_OR_UNKNOWN__PROTO_JIVAROAN,1,1,1.0,1.0,22.0,5.0,ASJP,0.00047732696897374703
ISOLATE_OR_UNKNOWN__PROTO_MAZATEC,1,1,1.0,1.0,44.0,17.7,ASJP,0.00047732696897374703
ISOLATE_OR_UNKNOWN__PROTO_MICRONESIAN,1,1,1.0,1.0,39.0,6.92,ASJP,0.00047732696897374703
ISOLATE_OR_UNKNOWN__PROTO_POLYNESIAN_2,1,1,1.0,1.0,34.0,17.5,ASJP,0.00047732696897374703
ISOLATE_OR_UNKNOWN__PROTO_TSOUIC,1,1,1.0,1.0,29.0,23.22,ASJP,0.00047732696897374703
ISOLATE_OR_UNKNOWN__PROTO_URALIC,1,1,1.0,1.0,34.0,60.0,ASJP,0.00047732696897374703
ISOLATE_OR_UNKNOWN__TAHITIAN_18TH_CENTURY,1,1,1.0,1.0,35.0,17.67,ASJP,0.00047732696897374703
ISOLATE_OR_UNKNOWN__YONGHE_QIANG,1,1,1.0,1.0,38.0,31.85,ASJP,0.00047732696897374703
Itonama,1,1,1.0,1.0,45.0,12.83,ASJP,0.00047732696897374703
Kaki Ae,1,1,1.0,1.0,106.0,8.0,ASJP,0.00047732696897374703
Kwaza,1,1,1.0,1.0,42.0,12.58,ASJP,0.00047732696897374703
Máku,1,1,1.0,1.0,30.0,3.42,ASJP,0.00047732696897374703
Pirahã,1,1,1.0,1.0,91.0,7.0,ASJP,0.00047732696897374703
Pumé,1,1,1.0,1.0,39.0,7.0,ASJP,0.00047732696897374703
Savosavo,1,1,1.0,1.0,89.0,9.13,ASJP,0.00047732696897374703
Tanahmerah,1,1,1.0,1.0,70.0,2.67,ASJP,0.00047732696897374703
Timucua,1,1,1.0,1.0,134.0,30.25,ASJP,0.00047732696897374703
Tiwi,1,1,1.0,1.0,151.0,11.5,ASJP,0.00047732696897374703
Unclassifiable,1,1,1.0,1.0,37.0,10.0,ASJP,0.00047732696897374703
Warao,1,1,1.0,1.0,102.0,9.33,ASJP,0.00047732696897374703
Wiru,1,1,1.0,1.0,99.0,6.42,ASJP,0.00047732696897374703
Yuchi,1,1,1.0,1.0,40.0,35.75,ASJP,0.00047732696897374703
Artificial Language,2,1,0.5,0.7571428571428571,38.0,31.255,ASJP,0.00047732696897374703
Duna,2,1,0.5,0.9861111111111112,66.0,5.5,ASJP,0.00047732696897374703
Hoti,2,1,0.5,0.9878048780487805,40.5,5.0,ASJP,0.00047732696897374703
North Bougainville,2,1,0.5,0.9871794871794872,46.0,5.915,ASJP,0.00047732696897374703
Pawaia,2,1,0.5,0.96875,67.0,7.0,ASJP,0.00047732696897374703
Tabo,2,1,0.5,0.9948453608247423,66.0,8.0,ASJP,0.00047732696897374703
Tauade,2,1,0.5,0.9696969696969697,68.5,8.42,ASJP,0.00047732696897374703
Yuracaré,2,1,0.5,0.9912280701754386,50.5,16.58,ASJP,0.00047732696897374703
Amto-Musan,3,1,0.3333333333333333,0.8969348659003832,30.0,4.06,ASJP,0.00047732696897374703
Kehu,3,1,0.3333333333333333,0.6817204301075268,35.0,3.063333333333333,ASJP,0.00047732696897374703
Kunama,3,1,0.3333333333333333,0.7254990925589837,38.0,14.5,ASJP,0.00047732696897374703
Saliban,3,1,0.3333333333333333,0.8850140463043689,37.0,5.1866666666666665,ASJP,0.00047732696897374703
Senagi,3,1,0.3333333333333333,0.9177777777777778,38.0,3.6366666666666667,ASJP,0.00047732696897374703
Yale,3,1,0.3333333333333333,0.8105396454315215,59.0,3.75,ASJP,0.00047732696897374703
Bogia,4,1,0.25,0.7779959059028826,60.0,4.29,ASJP,0.00047732696897374703
Pidgin,4,1,0.25,0.7344322344322345,32.5,20.7875,ASJP,0.00047732696897374703
Somahai,4,1,0.25,0.9520697167755992,34.0,5.0,ASJP,0.00047732696897374703
Tangkic,4,1,0.25,0.709521774739166,38.5,17.0675,ASJP,0.00047732696897374703
Guaicuruan,5,1,0.2,0.5264236288645738,60.0,25.5,ASJP,0.00047732696897374703
Kamula-Elevala,5,1,0.2,0.9660017962271619,43.0,6.5840000000000005,ASJP,0.00047732696897374703
Zaparoan,5,1,0.2,0.93518574448807,42.0,2.8600000000000003,ASJP,0.00047732696897374703
Kartvelian,6,1,0.16666666666666666,0.8012392602300858,49.0,42.083333333333336,ASJP,0.00047732696897374703
Muskogean,6,1,0.16666666666666666,0.8327814395994673,96.5,33.235,ASJP,0.00047732696897374703
Kxa,7,1,0.14285714285714285,0.8845417874455987,52.0,21.095714285714287,ASJP,0.00047732696897374703
Blue Nile Mao,9,1,0.1111111111111111,0.8562597892582641,41.0,9.685555555555556,ASJP,0.00047732696897374703
Miwok-Costanoan,9,1,0.1111111111111111,0.6847097609617204,46.0,37.91555555555556,ASJP,0.00047732696897374703
Narrow Talodi,9,1,0.1111111111111111,0.6425334090488549,42.0,10.714444444444446,ASJP,0.00047732696897374703
Tungusic,29,1,0.034482758620689655,0.7599362183459526,40.0,51.36965517241379,ASJP,0.00047732696897374703
Athabaskan-Eyak-Tlingit,49,1,0.02040816326530612,0.461203379390114,35.0,53.583061224489796,ASJP,0.00047732696897374703
Nakh-Daghestanian,61,1,0.01639344262295082,0.5164684183910457,44.0,42.22688524590164,ASJP,0.00047732696897374703
Abinomn,1,0,0.0,0.3448275862068966,58.0,3.0,ASJP,0.0
Abkhaz-Adyge,7,0,0.0,0.7717908775860259,42.0,43.96857142857142,ASJP,0.0
Abun,2,0,0.0,0.4949104949104949,57.0,0.5,ASJP,0.0
Aikanã,1,0,0.0,0.8715596330275229,109.0,12.67,ASJP,0.0
Ainu,23,0,0.0,0.5603751231259678,41.0,44.68130434782609,ASJP,0.0
Alsea-Yaquina,1,0,0.0,0.2748091603053435,131.0,44.67,ASJP,0.0
Andoque,1,0,0.0,0.9655172413793104,29.0,0.67,ASJP,0.0
Anem,1,0,0.0,0.3925233644859813,107.0,5.58,ASJP,0.0
Angan,18,0,0.0,0.8560819158006198,40.5,7.223888888888889,ASJP,0.0
Arafundi,7,0,0.0,0.3418532603786285,60.0,4.782857142857144,ASJP,0.0
Araucanian,4,0,0.0,0.4874854312354312,42.5,38.0,ASJP,0.0
Arutani,1,0,0.0,0.9,40.0,4.0,ASJP,0.0
Atakapa,1,0,0.0,0.2727272727272727,55.0,30.0,ASJP,0.0
Austroasiatic,201,0,0.0,0.2656072350993758,38.0,17.523233830845772,ASJP,0.0
Baibai-Fas,4,0,0.0,0.7249797365754813,55.5,3.25,ASJP,0.0
Baining,8,0,0.0,0.5052213548942529,94.0,4.61125,ASJP,0.0
Bangime,3,0,0.0,0.8699718045112782,64.0,14.866666666666667,ASJP,0.0
Barbacoan,5,0,0.0,0.5878364598364598,100.0,1.634,ASJP,0.0
Basque,2,0,0.0,0.5267857142857143,143.0,43.0,ASJP,0.0
Bayono-Awbono,3,0,0.0,0.8776455026455027,56.0,5.166666666666667,ASJP,0.0
Beothuk,1,0,0.0,0.17307692307692307,52.0,48.0,ASJP,0.0
Berta,2,0,0.0,0.8130985480383071,61.0,10.415,ASJP,0.0
Bogaya,1,0,0.0,0.7473684210526316,95.0,5.75,ASJP,0.0
Border,15,0,0.0,0.6012161058024936,35.0,3.1439999999999997,ASJP,0.0
Bulaka River,5,0,0.0,0.653795426541422,40.0,7.67,ASJP,0.0
Bunaban,2,0,0.0,0.9301158301158301,36.0,18.11,ASJP,0.0
Burmeso,2,0,0.0,0.6507177033492824,30.0,2.5,ASJP,0.0
Burushaski,10,0,0.0,0.27730437204121416,27.0,36.5,ASJP,0.0
Caddoan,7,0,0.0,0.34558501412815035,38.0,37.04571428571428,ASJP,0.0
Cahuapanan,2,0,0.0,0.47435897435897434,39.0,5.46,ASJP,0.0
Camsá,1,0,0.0,0.8723404255319149,47.0,1.17,ASJP,0.0
Candoshi-Shapra,1,0,0.0,0.7567567567567568,37.0,4.17,ASJP,0.0
Canichana,1,0,0.0,0.8444444444444444,45.0,16.71,ASJP,0.0
Cayubaba,1,0,0.0,0.9846153846153847,65.0,13.5,ASJP,0.0
Cayuse,1,0,0.0,0.325,80.0,46.11,ASJP,0.0
Chapacuran,4,0,0.0,0.364029304029304,37.0,10.5125,ASJP,0.0
Chicham,6,0,0.0,0.6909323216466073,49.5,3.6666666666666665,ASJP,0.0
Chimakuan,2,0,0.0,0.41246498599439774,46.5,47.915,ASJP,0.0
Chimariko,2,0,0.0,0.7023411371237458,72.0,41.0,ASJP,0.0
Chinookan,3,0,0.0,0.25163398692810457,34.0,47.76,ASJP,0.0
Chiquitano,1,0,0.0,0.9411764705882353,68.0,17.5,ASJP,0.0
Chitimacha,2,0,0.0,0.41145833333333337,28.0,29.67,ASJP,0.0
Chonan,2,0,0.0,0.4008097165991903,48.0,50.5,ASJP,0.0
Chukotko-Kamchatkan,7,0,0.0,0.26466603363373736,115.0,60.714285714285715,ASJP,0.0
Chumashan,6,0,0.0,0.4614549268804588,40.5,34.445,ASJP,0.0
Coahuilteco,1,0,0.0,0.13043478260869565,23.0,28.0,ASJP,0.0
Cochimi-Yuman,13,0,0.0,0.4157862108005033,33.0,32.83769230769231,ASJP,0.0
Comecrudan,1,0,0.0,0.42016806722689076,119.0,24.0,ASJP,0.0
Coosan,1,0,0.0,0.32727272727272727,110.0,43.5,ASJP,0.0
Cotoname,1,0,0.0,0.5,40.0,25.91,ASJP,0.0
Cuitlatec,1,0,0.0,0.8863636363636364,44.0,17.5,ASJP,0.0
Dajuic,8,0,0.0,0.6515511734026771,37.0,11.1325,ASJP,0.0
Damal,5,0,0.0,0.44094041315534344,45.0,4.0,ASJP,0.0
Dem,2,0,0.0,0.6561536305018223,64.0,3.67,ASJP,0.0
Dibiyaso,1,0,0.0,0.978021978021978,91.0,7.75,ASJP,0.0
Dizoid,9,0,0.0,0.5299852359194059,44.0,6.697777777777778,ASJP,0.0
Doso-Turumsa,1,0,0.0,0.9701492537313433,67.0,7.58,ASJP,0.0
East Bird's Head,5,0,0.0,0.5154267372990472,41.0,1.468,ASJP,0.0
East Kutubu,1,0,0.0,0.9901960784313726,102.0,6.5,ASJP,0.0
Eastern Daly,3,0,0.0,0.2438423645320197,29.0,13.746666666666668,ASJP,0.0
Eastern Jebel,5,0,0.0,0.7009534918031364,31.0,11.206,ASJP,0.0
Elamite,1,0,0.0,0.6041666666666666,48.0,33.63,ASJP,0.0
Elseng,4,0,0.0,0.2119257649435975,82.0,3.0,ASJP,0.0
Eskimo-Aleut,16,0,0.0,0.2139955143860635,44.0,62.728125,ASJP,0.0
Esselen,1,0,0.0,0.7142857142857143,28.0,36.25,ASJP,0.0
Etruscan,1,0,0.0,0.42424242424242425,33.0,41.9,ASJP,0.0
Furan,3,0,0.0,0.6866426487073944,89.0,13.833333333333334,ASJP,0.0
Fuyug,3,0,0.0,0.6883215323166304,85.0,8.58,ASJP,0.0
Gaagudju,1,0,0.0,0.7428571428571429,35.0,12.62,ASJP,0.0
Garrwan,3,0,0.0,0.7019497064362469,102.0,17.60333333333333,ASJP,0.0
Giimbiyu,3,0,0.0,0.16325536062378168,36.0,12.583333333333334,ASJP,0.0
Great Andamanese,10,0,0.0,0.5989807593135581,36.5,12.434999999999999,ASJP,0.0
Greater Kwerba,13,0,0.0,0.501226494482766,38.0,2.0723076923076924,ASJP,0.0
Gule,1,0,0.0,0.35,20.0,11.5,ASJP,0.0
Gumuz,3,0,0.0,0.8932629462041227,39.0,12.473333333333334,ASJP,0.0
Gunwinyguan,14,0,0.0,0.47278054309364986,35.0,13.13642857142857,ASJP,0.0
Haida,2,0,0.0,0.3626182180189149,45.0,53.5,ASJP,0.0
Harakmbut,2,0,0.0,0.4777365491651206,46.5,12.915,ASJP,0.0
Hatam-Mansim,1,0,0.0,0.39473684210526316,114.0,1.0,ASJP,0.0
Heibanic,11,0,0.0,0.5267065774826306,41.0,11.075454545454546,ASJP,0.0
Hibito-Cholon,1,0,0.0,0.4186046511627907,43.0,8.0,ASJP,0.0
Hruso,1,0,0.0,0.868421052631579,38.0,27.27,ASJP,0.0
Huavean,4,0,0.0,0.28381410256410255,43.5,16.259999999999998,ASJP,0.0
ISOLATE_OR_UNKNOWN__ALLENTIAC,1,0,0.0,0.6190476190476191,42.0,33.48,ASJP,0.0
ISOLATE_OR_UNKNOWN__ANDOQUERO,1,0,0.0,0.9444444444444444,54.0,0.67,ASJP,0.0
ISOLATE_OR_UNKNOWN__ANDRO,1,0,0.0,0.6363636363636364,33.0,24.75,ASJP,0.0
ISOLATE_OR_UNKNOWN__ARAMAIC_ANCIENT,1,0,0.0,0.86,50.0,35.0,ASJP,0.0
ISOLATE_OR_UNKNOWN__AURAN_KULON_PAZEH,1,0,0.0,0.4473684210526316,38.0,24.15,ASJP,0.0
ISOLATE_OR_UNKNOWN__AYOMAN,1,0,0.0,0.4838709677419355,31.0,10.57,ASJP,0.0
ISOLATE_OR_UNKNOWN__BALADE,1,0,0.0,0.6904761904761905,42.0,20.25,ASJP,0.0
ISOLATE_OR_UNKNOWN__BANGRU,1,0,0.0,0.6190476190476191,42.0,27.95,ASJP,0.0
ISOLATE_OR_UNKNOWN__BARRANBIYA,1,0,0.0,0.9583333333333334,24.0,30.1,ASJP,0.0
ISOLATE_OR_UNKNOWN__BASUM,1,0,0.0,0.8,20.0,29.99,ASJP,0.0
ISOLATE_OR_UNKNOWN__BETOI,1,0,0.0,0.9523809523809523,21.0,7.22,ASJP,0.0
ISOLATE_OR_UNKNOWN__BIGAMBAL,1,0,0.0,0.6896551724137931,29.0,28.6,ASJP,0.0
ISOLATE_OR_UNKNOWN__BIRRDHAWAL,1,0,0.0,0.28125,32.0,37.05,ASJP,0.0
ISOLATE_OR_UNKNOWN__BULU_PUROIK,1,0,0.0,0.7019230769230769,104.0,27.32,ASJP,0.0
ISOLATE_OR_UNKNOWN__BUTAM,1,0,0.0,0.7608695652173914,46.0,4.47,ASJP,0.0
ISOLATE_OR_UNKNOWN__BUU_ZARANDA,1,0,0.0,0.6097560975609756,82.0,10.23,ASJP,0.0
ISOLATE_OR_UNKNOWN__CAIJIA,1,0,0.0,0.7692307692307693,39.0,19.16,ASJP,0.0
ISOLATE_OR_UNKNOWN__CAMBERRA_LANGUAGE,1,0,0.0,0.5151515151515151,33.0,35.31,ASJP,0.0
ISOLATE_OR_UNKNOWN__CARIB_1665,1,0,0.0,0.9148936170212766,47.0,13.13,ASJP,0.0
ISOLATE_OR_UNKNOWN__CHALON,1,0,0.0,0.6363636363636364,22.0,36.37,ASJP,0.0
ISOLATE_OR_UNKNOWN__CHANA,1,0,0.0,0.75,36.0,33.69,ASJP,0.0
ISOLATE_OR_UNKNOWN__CHOLTI,1,0,0.0,0.21212121212121213,99.0,15.5,ASJP,0.0
ISOLATE_OR_UNKNOWN__COERUNA,1,0,0.0,0.9444444444444444,54.0,1.9,ASJP,0.0
ISOLATE_OR_UNKNOWN__COLAC,1,0,0.0,0.46875,32.0,38.2,ASJP,0.0
ISOLATE_OR_UNKNOWN__COMMON_TOCHARIAN,1,0,0.0,0.27586206896551724,29.0,41.65,ASJP,0.0
ISOLATE_OR_UNKNOWN__CUICA,1,0,0.0,0.42424242424242425,33.0,9.0,ASJP,0.0
ISOLATE_OR_UNKNOWN__CUNG,1,0,0.0,0.8333333333333334,30.0,6.58,ASJP,0.0
ISOLATE_OR_UNKNOWN__DJADJALA,1,0,0.0,0.3333333333333333,36.0,35.82,ASJP,0.0
ISOLATE_OR_UNKNOWN__DONGO_KRESH,1,0,0.0,0.6111111111111112,90.0,10.0,ASJP,0.0
ISOLATE_OR_UNKNOWN__DORASQUE,1,0,0.0,0.7941176470588235,34.0,7.0,ASJP,0.0
ISOLATE_OR_UNKNOWN__DOTHRAKI,1,0,0.0,0.39215686274509803,51.0,33.77,ASJP,0.0
ISOLATE_OR_UNKNOWN__DOUIRET_BERBER,1,0,0.0,0.22727272727272727,44.0,32.86,ASJP,0.0
ISOLATE_OR_UNKNOWN__DYARIM,1,0,0.0,0.575,40.0,10.03,ASJP,0.0
ISOLATE_OR_UNKNOWN__EAST_TUSOM,1,0,0.0,0.9775280898876404,89.0,24.8,ASJP,0.0
ISOLATE_OR_UNKNOWN__ESMERALDENYO,1,0,0.0,0.7647058823529411,34.0,0.83,ASJP,0.0
ISOLATE_OR_UNKNOWN__GANDANGARA,1,0,0.0,0.5416666666666666,24.0,33.7,ASJP,0.0
ISOLATE_OR_UNKNOWN__GUACHI,1,0,0.0,0.6551724137931034,29.0,19.43,ASJP,0.0
ISOLATE_OR_UNKNOWN__GUAMO,1,0,0.0,0.7884615384615384,52.0,8.0,ASJP,0.0
ISOLATE_OR_UNKNOWN__GUARANI_ANTIGO,1,0,0.0,0.9210526315789473,38.0,26.0,ASJP,0.0
ISOLATE_OR_UNKNOWN__GUYAMBAL,1,0,0.0,0.6,25.0,29.1,ASJP,0.0
ISOLATE_OR_UNKNOWN__GWARA,1,0,0.0,0.7,30.0,9.47,ASJP,0.0
ISOLATE_OR_UNKNOWN__GYANNZI_GEEJI,1,0,0.0,0.4489795918367347,49.0,10.32,ASJP,0.0
ISOLATE_OR_UNKNOWN__GYANNZI_GEEJI_2,1,0,0.0,0.6610169491525424,59.0,10.32,ASJP,0.0
ISOLATE_OR_UNKNOWN__HELSINKI_STADIN_SLANGI,1,0,0.0,0.8431372549019608,51.0,60.17,ASJP,0.0
ISOLATE_OR_UNKNOWN__IDO,1,0,0.0,0.8666666666666667,45.0,52.37,ASJP,0.0
ISOLATE_OR_UNKNOWN__INTERLINGUA,1,0,0.0,0.782608695652174,46.0,40.43,ASJP,0.0
ISOLATE_OR_UNKNOWN__JAPHUG,1,0,0.0,0.7560975609756098,41.0,32.1,ASJP,0.0
ISOLATE_OR_UNKNOWN__KABONGLO,1,0,0.0,0.7160493827160493,81.0,24.8,ASJP,0.0
ISOLATE_OR_UNKNOWN__KABRANG_TANGKHUL,1,0,0.0,0.6119402985074627,67.0,25.74,ASJP,0.0
ISOLATE_OR_UNKNOWN__KATHLAMET,1,0,0.0,0.36893203883495146,103.0,46.2,ASJP,0.0
ISOLATE_OR_UNKNOWN__KAWA,1,0,0.0,0.5897435897435898,39.0,8.33,ASJP,0.0
ISOLATE_OR_UNKNOWN__KERAMIN,1,0,0.0,0.42857142857142855,28.0,34.08,ASJP,0.0
ISOLATE_OR_UNKNOWN__KHOONG_GOOE,1,0,0.0,0.7627118644067796,59.0,25.74,ASJP,0.0
ISOLATE_OR_UNKNOWN__KITANEMUK,1,0,0.0,0.16363636363636364,55.0,34.89,ASJP,0.0
ISOLATE_OR_UNKNOWN__KLINGON,1,0,0.0,0.0,38.0,34.1,ASJP,0.0
ISOLATE_OR_UNKNOWN__KROTMAG_KLINGON,1,0,0.0,0.0,38.0,34.1,ASJP,0.0
ISOLATE_OR_UNKNOWN__KWANKA,1,0,0.0,0.5641025641025641,39.0,9.3,ASJP,0.0
ISOLATE_OR_UNKNOWN__LAIRAMLO,1,0,0.0,0.6436781609195402,87.0,24.61,ASJP,0.0
ISOLATE_OR_UNKNOWN__LATE_EGYPTIAN,1,0,0.0,0.5555555555555556,45.0,29.85,ASJP,0.0
ISOLATE_OR_UNKNOWN__LAZE,1,0,0.0,0.9743589743589743,39.0,27.85,ASJP,0.0
ISOLATE_OR_UNKNOWN__LEN_1,1,0,0.0,0.44047619047619047,84.0,9.12,ASJP,0.0
ISOLATE_OR_UNKNOWN__LEN_2,1,0,0.0,0.27906976744186046,43.0,9.12,ASJP,0.0
ISOLATE_OR_UNKNOWN__MANGGHUER,1,0,0.0,0.746268656716418,67.0,36.34,ASJP,0.0
ISOLATE_OR_UNKNOWN__MANSIM,1,0,0.0,0.21518987341772153,79.0,0.92,ASJP,0.0
ISOLATE_OR_UNKNOWN__MBOANDEM,1,0,0.0,0.6551724137931034,29.0,5.42,ASJP,0.0
ISOLATE_OR_UNKNOWN__MIDDLE_EGYPTIAN,1,0,0.0,0.0,67.0,25.7,ASJP,0.0
ISOLATE_OR_UNKNOWN__MIISIIRII_TAMA,1,0,0.0,0.576271186440678,59.0,14.16,ASJP,0.0
ISOLATE_OR_UNKNOWN__MILANG,1,0,0.0,0.5897435897435898,39.0,28.55,ASJP,0.0
ISOLATE_OR_UNKNOWN__MILLCAYAC,1,0,0.0,0.4418604651162791,43.0,31.0,ASJP,0.0
ISOLATE_OR_UNKNOWN__MOLET,1,0,0.0,0.6082474226804123,97.0,5.66,ASJP,0.0
ISOLATE_OR_UNKNOWN__MOMI_YADIM,1,0,0.0,0.5227272727272727,44.0,8.64,ASJP,0.0
ISOLATE_OR_UNKNOWN__MORSKA_KLINGON,1,0,0.0,0.10526315789473684,38.0,34.1,ASJP,0.0
ISOLATE_OR_UNKNOWN__MUKLOM_TANGSA,1,0,0.0,0.275,40.0,27.63,ASJP,0.0
ISOLATE_OR_UNKNOWN__NABIT,1,0,0.0,0.3902439024390244,41.0,10.86,ASJP,0.0
ISOLATE_OR_UNKNOWN__NAHUATL_ACAXOCHITLAN,1,0,0.0,0.5882352941176471,34.0,20.17,ASJP,0.0
ISOLATE_OR_UNKNOWN__NAHUATL_AMILCINGO_ZACUALPAN,1,0,0.0,0.28125,32.0,18.8,ASJP,0.0
ISOLATE_OR_UNKNOWN__NAHUATL_AXOCHIAPAN,1,0,0.0,0.42857142857142855,28.0,18.5,ASJP,0.0
ISOLATE_OR_UNKNOWN__NAHUATL_AYOTOXCO,1,0,0.0,0.43333333333333335,30.0,20.1,ASJP,0.0
ISOLATE_OR_UNKNOWN__NAHUATL_CHICHIQUILA,1,0,0.0,0.40625,32.0,19.17,ASJP,0.0
ISOLATE_OR_UNKNOWN__NAHUATL_CHIGNAUTLA,1,0,0.0,0.5,30.0,19.82,ASJP,0.0
ISOLATE_OR_UNKNOWN__NAHUATL_CHILOCOYO_HUEHUETLA,1,0,0.0,0.3793103448275862,29.0,20.12,ASJP,0.0
ISOLATE_OR_UNKNOWN__NAHUATL_CHINANCAHUATL_ZACUALTIPAN,1,0,0.0,0.5333333333333333,30.0,20.63,ASJP,0.0
ISOLATE_OR_UNKNOWN__NAHUATL_COYOTEPEC,1,0,0.0,0.5454545454545454,33.0,19.77,ASJP,0.0
ISOLATE_OR_UNKNOWN__NAHUATL_CUAMELCO_TIANGUISTENGO,1,0,0.0,0.35294117647058826,34.0,20.72,ASJP,0.0
ISOLATE_OR_UNKNOWN__NAHUATL_CUATLAMAYAN_ANTONIO_SANTOS,1,0,0.0,0.5161290322580645,31.0,20.8,ASJP,0.0
ISOLATE_OR_UNKNOWN__NAHUATL_HUEYAPAN_TETELA_DEL_VOLCAN,1,0,0.0,0.3333333333333333,33.0,18.87,ASJP,0.0
ISOLATE_OR_UNKNOWN__NAHUATL_HUEYATI_YAHUALICA,1,0,0.0,0.3939393939393939,33.0,20.93,ASJP,0.0
ISOLATE_OR_UNKNOWN__NAHUATL_IXHUATLAN_DE_MADERO,1,0,0.0,0.5625,32.0,20.68,ASJP,0.0
ISOLATE_OR_UNKNOWN__NAHUATL_IXTACAMAXTITLAN,1,0,0.0,0.4482758620689655,29.0,19.62,ASJP,0.0
ISOLATE_OR_UNKNOWN__NAHUATL_JALATLACO,1,0,0.0,0.5806451612903226,31.0,19.18,ASJP,0.0
ISOLATE_OR_UNKNOWN__NAHUATL_JICOCINGO_ZACATLAN,1,0,0.0,0.5483870967741935,31.0,19.92,ASJP,0.0
ISOLATE_OR_UNKNOWN__NAHUATL_LAS_BALSAS,1,0,0.0,0.41935483870967744,31.0,20.7,ASJP,0.0
ISOLATE_OR_UNKNOWN__NAHUATL_LA_REFORMA_TEPEHUACAN_DE_GUERRERO,1,0,0.0,0.46875,32.0,21.0,ASJP,0.0
ISOLATE_OR_UNKNOWN__NAHUATL_MONTEGRANDE_PLATON_SANCHEZ,1,0,0.0,0.5142857142857142,35.0,21.27,ASJP,0.0
ISOLATE_OR_UNKNOWN__NAHUATL_QUETZALAPA_AZOYU,1,0,0.0,0.7333333333333333,30.0,18.3,ASJP,0.0
ISOLATE_OR_UNKNOWN__NAHUATL_REYES_DE_VALLARTA_TUZAMAPAN,1,0,0.0,0.375,32.0,20.1,ASJP,0.0
ISOLATE_OR_UNKNOWN__NAHUATL_SANTA_ANA_TLACOTENCO,1,0,0.0,0.375,32.0,19.18,ASJP,0.0
ISOLATE_OR_UNKNOWN__NAHUATL_SANTA_MARIA_TEOPOXCO,1,0,0.0,0.46875,32.0,18.17,ASJP,0.0
ISOLATE_OR_UNKNOWN__NAHUATL_SAN_FRANCISCO_TLALNEPANTLA,1,0,0.0,0.6896551724137931,29.0,19.18,ASJP,0.0
ISOLATE_OR_UNKNOWN__NAHUATL_SAN_JERONINO_AMANALCO,1,0,0.0,0.46875,32.0,19.52,ASJP,0.0
ISOLATE_OR_UNKNOWN__NAHUATL_SAN_PEDRO_JICORA,1,0,0.0,0.4,25.0,22.42,ASJP,0.0
ISOLATE_OR_UNKNOWN__NAHUATL_TLALNEPANTLA_TAMAZUNCHALE,1,0,0.0,0.48484848484848486,33.0,21.27,ASJP,0.0
ISOLATE_OR_UNKNOWN__NAHUATL_XAALITLA_TEPECUAUILCO,1,0,0.0,0.4117647058823529,34.0,18.02,ASJP,0.0
ISOLATE_OR_UNKNOWN__NAHUATL_XALATZALA_TLAPA,1,0,0.0,0.24242424242424243,33.0,17.55,ASJP,0.0
ISOLATE_OR_UNKNOWN__NAHUATL_XALPATLAHUAC,1,0,0.0,0.42424242424242425,33.0,17.0,ASJP,0.0
ISOLATE_OR_UNKNOWN__NAHUATL_XILITLA,1,0,0.0,0.42424242424242425,33.0,21.33,ASJP,0.0
ISOLATE_OR_UNKNOWN__NAHUATL_XOCHIATIPAN,1,0,0.0,0.525,40.0,21.02,ASJP,0.0
ISOLATE_OR_UNKNOWN__NAHUATL_XOXOCOTLA_PUENTE_DE_IXTLA,1,0,0.0,0.3548387096774194,31.0,18.67,ASJP,0.0
ISOLATE_OR_UNKNOWN__NAHUATL_ZAHUASTIPAN_SAN_AUGUSTIN_METZQUITITLAN,1,0,0.0,0.5625,32.0,20.62,ASJP,0.0
ISOLATE_OR_UNKNOWN__NATI,1,0,0.0,0.4857142857142857,35.0,16.45,ASJP,0.0
ISOLATE_OR_UNKNOWN__NAVI,1,0,0.0,0.47368421052631576,38.0,40.67,ASJP,0.0
ISOLATE_OR_UNKNOWN__NDRE,1,0,0.0,0.41025641025641024,39.0,8.5,ASJP,0.0
ISOLATE_OR_UNKNOWN__NESE,1,0,0.0,0.47058823529411764,34.0,15.9,ASJP,0.0
ISOLATE_OR_UNKNOWN__OGADEN_ARABIC,1,0,0.0,0.15384615384615385,39.0,7.28,ASJP,0.0
ISOLATE_OR_UNKNOWN__OLD_LOW_FRANCONIAN,1,0,0.0,0.2777777777777778,36.0,53.26,ASJP,0.0
ISOLATE_OR_UNKNOWN__OLD_OR_MIDDLE_JAVANESE,1,0,0.0,0.49056603773584906,53.0,7.0,ASJP,0.0
ISOLATE_OR_UNKNOWN__OMEO,1,0,0.0,0.7307692307692307,26.0,37.1,ASJP,0.0
ISOLATE_OR_UNKNOWN__OTOMACO,1,0,0.0,0.92,25.0,7.0,ASJP,0.0
ISOLATE_OR_UNKNOWN__PALEWYAMI,1,0,0.0,0.42105263157894735,76.0,35.56,ASJP,0.0
ISOLATE_OR_UNKNOWN__PAYAGUA,1,0,0.0,0.6129032258064516,31.0,25.69,ASJP,0.0
ISOLATE_OR_UNKNOWN__PAZEH,1,0,0.0,0.390625,64.0,23.97,ASJP,0.0
ISOLATE_OR_UNKNOWN__PAZIH,1,0,0.0,0.29069767441860467,86.0,24.5,ASJP,0.0
ISOLATE_OR_UNKNOWN__PIMENTEIRA,1,0,0.0,0.5909090909090909,22.0,7.34,ASJP,0.0
ISOLATE_OR_UNKNOWN__POLCI,1,0,0.0,0.3191489361702128,47.0,10.32,ASJP,0.0
ISOLATE_OR_UNKNOWN__PROTO_AGAW,1,0,0.0,0.17142857142857143,35.0,12.92,ASJP,0.0
ISOLATE_OR_UNKNOWN__PROTO_AINU,1,0,0.0,0.6744186046511628,43.0,42.9,ASJP,0.0
ISOLATE_OR_UNKNOWN__PROTO_ASMAT,1,0,0.0,0.7272727272727273,44.0,5.5,ASJP,0.0
ISOLATE_OR_UNKNOWN__PROTO_AUSTRONESIAN,1,0,0.0,0.9090909090909091,44.0,5.0,ASJP,0.0
ISOLATE_OR_UNKNOWN__PROTO_AUSTRONESIAN_2,1,0,0.0,0.5238095238095238,42.0,9.67,ASJP,0.0
ISOLATE_OR_UNKNOWN__PROTO_AUSTRONESIAN_3,1,0,0.0,0.45454545454545453,55.0,5.0,ASJP,0.0
ISOLATE_OR_UNKNOWN__PROTO_BIU_MANDARA,1,0,0.0,0.26666666666666666,30.0,11.0,ASJP,0.0
ISOLATE_OR_UNKNOWN__PROTO_BODO,1,0,0.0,0.4,35.0,25.83,ASJP,0.0
ISOLATE_OR_UNKNOWN__PROTO_CENTRAL_EASTERN_MALAYO_POLYNESIAN,1,0,0.0,0.5128205128205128,39.0,2.08,ASJP,0.0
ISOLATE_OR_UNKNOWN__PROTO_CENTRAL_MALAYO_POLYNESIAN,1,0,0.0,0.5384615384615384,39.0,3.13,ASJP,0.0
ISOLATE_OR_UNKNOWN__PROTO_CENTRAL_MALAYO_POLYNESIAN_2,1,0,0.0,0.475,40.0,3.13,ASJP,0.0
ISOLATE_OR_UNKNOWN__PROTO_CENTRAL_MANDE,1,0,0.0,0.7307692307692307,26.0,10.5,ASJP,0.0
ISOLATE_OR_UNKNOWN__PROTO_CHATINO,1,0,0.0,0.7692307692307693,26.0,17.07,ASJP,0.0
ISOLATE_OR_UNKNOWN__PROTO_CHOLAN,1,0,0.0,0.07317073170731707,41.0,15.55,ASJP,0.0
ISOLATE_OR_UNKNOWN__PROTO_CHUKOTKO_KAMCHATKAN,1,0,0.0,0.37209302325581395,43.0,56.5,ASJP,0.0
ISOLATE_OR_UNKNOWN__PROTO_DAJU,1,0,0.0,0.7105263157894737,38.0,13.0,ASJP,0.0
ISOLATE_OR_UNKNOWN__PROTO_EASTERN_HMONG,1,0,0.0,0.8857142857142857,35.0,26.13,ASJP,0.0
ISOLATE_OR_UNKNOWN__PROTO_EASTERN_MAKU,1,0,0.0,0.47058823529411764,34.0,1.0,ASJP,0.0
ISOLATE_OR_UNKNOWN__PROTO_GBAYA,1,0,0.0,0.6944444444444444,36.0,7.0,ASJP,0.0
ISOLATE_OR_UNKNOWN__PROTO_GERMANIC,1,0,0.0,0.14705882352941177,34.0,57.0,ASJP,0.0
ISOLATE_OR_UNKNOWN__PROTO_GREATER_QANJOBALAN,1,0,0.0,0.05128205128205128,39.0,15.38,ASJP,0.0
ISOLATE_OR_UNKNOWN__PROTO_GREATER_QUICHEAN,1,0,0.0,0.025,40.0,14.84,ASJP,0.0
ISOLATE_OR_UNKNOWN__PROTO_GREATER_TZELTALAN,1,0,0.0,0.02857142857142857,35.0,15.58,ASJP,0.0
ISOLATE_OR_UNKNOWN__PROTO_HIGHLAND_EAST_CUSHITIC,1,0,0.0,0.85,40.0,7.05,ASJP,0.0
ISOLATE_OR_UNKNOWN__PROTO_HINDKO,1,0,0.0,0.5714285714285714,35.0,34.0,ASJP,0.0
ISOLATE_OR_UNKNOWN__PROTO_HMONG,1,0,0.0,0.41304347826086957,46.0,27.0,ASJP,0.0
ISOLATE_OR_UNKNOWN__PROTO_HUASTECAN,1,0,0.0,0.03125,32.0,15.55,ASJP,0.0
ISOLATE_OR_UNKNOWN__PROTO_INDO_EUROPEAN,1,0,0.0,0.2708333333333333,48.0,43.0,ASJP,0.0
ISOLATE_OR_UNKNOWN__PROTO_INDO_EUROPEAN_2,1,0,0.0,0.3018867924528302,53.0,43.0,ASJP,0.0
ISOLATE_OR_UNKNOWN__PROTO_INDO_EUROPEAN_3,1,0,0.0,0.15789473684210525,57.0,43.0,ASJP,0.0
ISOLATE_OR_UNKNOWN__PROTO_IU_MIEN,1,0,0.0,0.5,38.0,24.55,ASJP,0.0
ISOLATE_OR_UNKNOWN__PROTO_KADAI,1,0,0.0,0.5510204081632653,49.0,22.12,ASJP,0.0
ISOLATE_OR_UNKNOWN__PROTO_KARTVELIAN,1,0,0.0,0.2558139534883721,43.0,43.0,ASJP,0.0
ISOLATE_OR_UNKNOWN__PROTO_KARTVELIAN_2,1,0,0.0,0.09375,64.0,43.0,ASJP,0.0
ISOLATE_OR_UNKNOWN__PROTO_KIM_MUN,1,0,0.0,0.5128205128205128,39.0,23.18,ASJP,0.0
ISOLATE_OR_UNKNOWN__PROTO_LAKKJA,1,0,0.0,0.5357142857142857,28.0,24.11,ASJP,0.0
ISOLATE_OR_UNKNOWN__PROTO_LAMPUNG,1,0,0.0,0.3333333333333333,48.0,5.45,ASJP,0.0
ISOLATE_OR_UNKNOWN__PROTO_LOWER_CROSS,1,0,0.0,0.3611111111111111,36.0,5.0,ASJP,0.0
ISOLATE_OR_UNKNOWN__PROTO_MAA,1,0,0.0,0.7666666666666667,30.0,0.0,ASJP,0.0
ISOLATE_OR_UNKNOWN__PROTO_MALAYO_POLYNESIAN,1,0,0.0,0.4523809523809524,42.0,9.0,ASJP,0.0
ISOLATE_OR_UNKNOWN__PROTO_MALAYO_POLYNESIAN_2,1,0,0.0,0.475,40.0,9.0,ASJP,0.0
ISOLATE_OR_UNKNOWN__PROTO_MAMEAN,1,0,0.0,0.05263157894736842,38.0,15.55,ASJP,0.0
ISOLATE_OR_UNKNOWN__PROTO_MARIC,1,0,0.0,0.8974358974358975,78.0,21.66,ASJP,0.0
ISOLATE_OR_UNKNOWN__PROTO_MAYAN,1,0,0.0,0.025,40.0,17.0,ASJP,0.0
ISOLATE_OR_UNKNOWN__PROTO_MIEN,1,0,0.0,0.4864864864864865,37.0,22.12,ASJP,0.0
ISOLATE_OR_UNKNOWN__PROTO_MINAHASAN,1,0,0.0,0.5714285714285714,35.0,1.25,ASJP,0.0
ISOLATE_OR_UNKNOWN__PROTO_MIXE_ZOQUE,1,0,0.0,0.23529411764705882,34.0,16.5,ASJP,0.0
ISOLATE_OR_UNKNOWN__PROTO_NORTHERN_HINDKO,1,0,0.0,0.5588235294117647,34.0,34.0,ASJP,0.0
ISOLATE_OR_UNKNOWN__PROTO_OCEANIC,1,0,0.0,0.6153846153846154,39.0,10.0,ASJP,0.0
ISOLATE_OR_UNKNOWN__PROTO_OCEANIC_2,1,0,0.0,0.625,40.0,10.0,ASJP,0.0
ISOLATE_OR_UNKNOWN__PROTO_OCEANIC_3,1,0,0.0,0.6857142857142857,35.0,10.0,ASJP,0.0
ISOLATE_OR_UNKNOWN__PROTO_ONGAMO_MAA,1,0,0.0,0.5625,32.0,0.0,ASJP,0.0
ISOLATE_OR_UNKNOWN__PROTO_PALAWAN,1,0,0.0,0.35,40.0,8.67,ASJP,0.0
ISOLATE_OR_UNKNOWN__PROTO_PANO,1,0,0.0,0.972972972972973,37.0,10.0,ASJP,0.0
ISOLATE_OR_UNKNOWN__PROTO_POLYNESIAN,1,0,0.0,0.9863013698630136,73.0,17.5,ASJP,0.0
ISOLATE_OR_UNKNOWN__PROTO_PUYUMA,1,0,0.0,0.48148148148148145,27.0,22.61,ASJP,0.0
ISOLATE_OR_UNKNOWN__PROTO_QUECHUA,1,0,0.0,0.7142857142857143,35.0,10.5,ASJP,0.0
ISOLATE_OR_UNKNOWN__PROTO_SAM,1,0,0.0,0.1935483870967742,31.0,2.33,ASJP,0.0
ISOLATE_OR_UNKNOWN__PROTO_SOUTHERN_HINDKO,1,0,0.0,0.5714285714285714,35.0,34.0,ASJP,0.0
ISOLATE_OR_UNKNOWN__PROTO_SOUTHERN_MINDANAO,1,0,0.0,0.30303030303030304,33.0,7.5,ASJP,0.0
ISOLATE_OR_UNKNOWN__PROTO_SOUTHWESTERN_MANDE,1,0,0.0,0.967741935483871,31.0,8.14,ASJP,0.0
ISOLATE_OR_UNKNOWN__PROTO_TANI,1,0,0.0,0.42424242424242425,33.0,28.0,ASJP,0.0
ISOLATE_OR_UNKNOWN__PROTO_TIBETO_BURMAN,1,0,0.0,0.25,36.0,27.99,ASJP,0.0
ISOLATE_OR_UNKNOWN__PROTO_TIBETO_BURMAN_2,1,0,0.0,0.15555555555555556,45.0,27.99,ASJP,0.0
ISOLATE_OR_UNKNOWN__PROTO_TOGO,1,0,0.0,0.9795918367346939,49.0,8.0,ASJP,0.0
ISOLATE_OR_UNKNOWN__PROTO_TRUKIC,1,0,0.0,0.9767441860465116,43.0,7.84,ASJP,0.0
ISOLATE_OR_UNKNOWN__PROTO_TUPI_GUARANI,1,0,0.0,0.6153846153846154,52.0,12.5,ASJP,0.0
ISOLATE_OR_UNKNOWN__PROTO_TZELTALAN,1,0,0.0,0.0,45.0,16.66,ASJP,0.0
ISOLATE_OR_UNKNOWN__PROTO_UKAAN,1,0,0.0,0.65625,32.0,7.75,ASJP,0.0
ISOLATE_OR_UNKNOWN__PROTO_WESTERN_HMONG,1,0,0.0,0.6458333333333334,48.0,23.83,ASJP,0.0
ISOLATE_OR_UNKNOWN__PROTO_WESTERN_PUNJABI,1,0,0.0,0.5714285714285714,35.0,33.0,ASJP,0.0
ISOLATE_OR_UNKNOWN__PROTO_WESTERN_TIBETAN,1,0,0.0,0.575,40.0,34.56,ASJP,0.0
ISOLATE_OR_UNKNOWN__PROTO_WEST_A_HMONG,1,0,0.0,0.813953488372093,43.0,21.67,ASJP,0.0
ISOLATE_OR_UNKNOWN__PROTO_WINTUN,1,0,0.0,0.40425531914893614,94.0,41.0,ASJP,0.0
ISOLATE_OR_UNKNOWN__PROTO_YENISEIAN,1,0,0.0,0.45454545454545453,33.0,70.0,ASJP,0.0
ISOLATE_OR_UNKNOWN__PROTO_YUCATECAN_MAYAN,1,0,0.0,0.0,43.0,20.05,ASJP,0.0
ISOLATE_OR_UNKNOWN__QUENYA,1,0,0.0,0.6862745098039216,51.0,50.72,ASJP,0.0
ISOLATE_OR_UNKNOWN__SAIHRIEM,1,0,0.0,0.4666666666666667,30.0,24.94,ASJP,0.0
ISOLATE_OR_UNKNOWN__SARDINIAN,1,0,0.0,0.9230769230769231,39.0,40.0,ASJP,0.0
ISOLATE_OR_UNKNOWN__SAR_INDONESIA,1,0,0.0,0.2564102564102564,39.0,8.33,ASJP,0.0
ISOLATE_OR_UNKNOWN__SENGMAI,1,0,0.0,0.625,32.0,24.95,ASJP,0.0
ISOLATE_OR_UNKNOWN__SINDARIN,1,0,0.0,0.1111111111111111,45.0,51.75,ASJP,0.0
ISOLATE_OR_UNKNOWN__SITI,1,0,0.0,0.9047619047619048,21.0,9.17,ASJP,0.0
ISOLATE_OR_UNKNOWN__SITU,1,0,0.0,0.5,44.0,31.59,ASJP,0.0
ISOLATE_OR_UNKNOWN__SLOVIO,1,0,0.0,0.2558139534883721,43.0,17.1,ASJP,0.0
ISOLATE_OR_UNKNOWN__SLOVIO_2,1,0,0.0,0.3,40.0,17.1,ASJP,0.0
ISOLATE_OR_UNKNOWN__SOLRESOL,1,0,0.0,0.9,40.0,43.93,ASJP,0.0
ISOLATE_OR_UNKNOWN__SORBUNG,1,0,0.0,0.550561797752809,89.0,24.75,ASJP,0.0
ISOLATE_OR_UNKNOWN__TAKEV_KLINGON,1,0,0.0,0.0,38.0,34.1,ASJP,0.0
ISOLATE_OR_UNKNOWN__TANGKHUL_CENTRAL,1,0,0.0,0.7096774193548387,31.0,25.74,ASJP,0.0
ISOLATE_OR_UNKNOWN__TANGKHUL_NORTH,1,0,0.0,0.8387096774193549,31.0,25.74,ASJP,0.0
ISOLATE_OR_UNKNOWN__TAPARITA,1,0,0.0,0.875,32.0,7.0,ASJP,0.0
ISOLATE_OR_UNKNOWN__TAPE,1,0,0.0,0.3684210526315789,38.0,16.12,ASJP,0.0
ISOLATE_OR_UNKNOWN__TEQUIXISTLAN_CHONTAL,1,0,0.0,0.6901408450704225,71.0,16.4,ASJP,0.0
ISOLATE_OR_UNKNOWN__TIEFO_NYAFOGO,1,0,0.0,0.8205128205128205,39.0,10.85,ASJP,0.0
ISOLATE_OR_UNKNOWN__TOKI_PONA,1,0,0.0,0.8372093023255814,43.0,46.12,ASJP,0.0
ISOLATE_OR_UNKNOWN__TOTONAC_COATEPEC,1,0,0.0,0.3068181818181818,88.0,19.5,ASJP,0.0
ISOLATE_OR_UNKNOWN__TOTONAC_OLINTLA,1,0,0.0,0.1794871794871795,39.0,20.01,ASJP,0.0
ISOLATE_OR_UNKNOWN__TOTONAC_OZELONACAXTLA,1,0,0.0,0.275,40.0,20.07,ASJP,0.0
ISOLATE_OR_UNKNOWN__TOTONAC_TEJERIA,1,0,0.0,0.4,40.0,20.52,ASJP,0.0
ISOLATE_OR_UNKNOWN__TSHOBDUN,1,0,0.0,0.6470588235294118,34.0,32.18,ASJP,0.0
ISOLATE_OR_UNKNOWN__TULAMNI,1,0,0.0,0.1232876712328767,73.0,35.22,ASJP,0.0
ISOLATE_OR_UNKNOWN__TZOTZIL_ZINACANTAN_1600,1,0,0.0,0.06382978723404255,47.0,16.75,ASJP,0.0
ISOLATE_OR_UNKNOWN__ULTERIOR_MIXE_C,1,0,0.0,0.25,40.0,17.22,ASJP,0.0
ISOLATE_OR_UNKNOWN__VAIYANA,1,0,0.0,0.9759036144578314,83.0,2.27,ASJP,0.0
ISOLATE_OR_UNKNOWN__VOLAPUK,1,0,0.0,0.0,42.0,47.43,ASJP,0.0
ISOLATE_OR_UNKNOWN__WANAM_YELMEK,1,0,0.0,0.7314814814814815,108.0,7.45,ASJP,0.0
ISOLATE_OR_UNKNOWN__WIKCHAMNI,1,0,0.0,0.32786885245901637,61.0,36.05,ASJP,0.0
ISOLATE_OR_UNKNOWN__YAMBEN,1,0,0.0,0.3956043956043956,91.0,4.77,ASJP,0.0
ISOLATE_OR_UNKNOWN__YAWDANCHI,1,0,0.0,0.3333333333333333,69.0,36.05,ASJP,0.0
ISOLATE_OR_UNKNOWN__YITHA_YITHA,1,0,0.0,0.39285714285714285,28.0,33.89,ASJP,0.0
ISOLATE_OR_UNKNOWN__ZAPOTEC_1578,1,0,0.0,0.9387755102040817,49.0,17.05,ASJP,0.0
ISOLATE_OR_UNKNOWN__ZBU,1,0,0.0,0.7142857142857143,35.0,32.15,ASJP,0.0
Iroquoian,10,0,0.0,0.35337921052376453,49.0,41.162,ASJP,0.0
Irántxe-Münkü,1,0,0.0,0.9117647058823529,34.0,13.0,ASJP,0.0
Iwaidjan Proper,3,0,0.0,0.3773809523809524,40.0,11.806666666666667,ASJP,0.0
Jalaa,1,0,0.0,0.54,50.0,9.59,ASJP,0.0
Jarawa-Onge,2,0,0.0,0.8517316017316017,43.0,11.375,ASJP,0.0
Jarrakan,2,0,0.0,0.24883040935672515,41.5,16.585,ASJP,0.0
Jicaquean,1,0,0.0,0.3805309734513274,113.0,14.67,ASJP,0.0
Kakua-Nukak,4,0,0.0,0.39983421614519177,70.0,1.8275000000000001,ASJP,0.0
Kalapuyan,4,0,0.0,0.3895268284753223,56.0,44.475,ASJP,0.0
Kamakanan,1,0,0.0,0.8095238095238095,21.0,11.53,ASJP,0.0
Kanoê,1,0,0.0,0.8205128205128205,39.0,13.33,ASJP,0.0
Kapori,2,0,0.0,0.8889255108767304,39.0,3.5,ASJP,0.0
Karami,1,0,0.0,0.9230769230769231,39.0,7.13,ASJP,0.0
Karankawa,1,0,0.0,0.4939759036144578,83.0,28.0,ASJP,0.0
Karuk,1,0,0.0,0.2706766917293233,133.0,41.67,ASJP,0.0
Katla-Tima,3,0,0.0,0.4414052372310085,58.0,11.663333333333334,ASJP,0.0
Katukinan,2,0,0.0,0.7839285714285714,33.5,6.875,ASJP,0.0
Kaure-Kosare,6,0,0.0,0.767745056682501,81.5,3.53,ASJP,0.0
Kawesqar,1,0,0.0,0.2926829268292683,41.0,49.0,ASJP,0.0
Kayagaric,7,0,0.0,0.28087049164607797,67.0,6.355714285714286,ASJP,0.0
Kenaboi,1,0,0.0,0.16666666666666666,30.0,2.37,ASJP,0.0
Keram,15,0,0.0,0.4933863263259306,90.0,4.270666666666667,ASJP,0.0
Khoe-Kwadi,15,0,0.0,0.7802716591198178,43.0,22.772,ASJP,0.0
Kimki,2,0,0.0,0.47708795269770876,107.0,4.25,ASJP,0.0
Kiowa-Tanoan,8,0,0.0,0.7559467335859653,42.0,36.1025,ASJP,0.0
Klamath-Modoc,1,0,0.0,0.2616822429906542,107.0,42.5,ASJP,0.0
Kol (Papua New Guinea),2,0,0.0,0.8006249999999999,73.0,5.17,ASJP,0.0
Koman,7,0,0.0,0.4952306325034486,39.0,8.794285714285715,ASJP,0.0
Konda-Yahadian,4,0,0.0,0.8844774999670644,50.5,1.76,ASJP,0.0
Koreanic,3,0,0.0,0.5426312866071902,104.0,36.126666666666665,ASJP,0.0
Kresh-Aja,2,0,0.0,0.971180364037507,67.5,7.69,ASJP,0.0
Kujarge,1,0,0.0,0.9622641509433962,53.0,11.75,ASJP,0.0
Kuliak,6,0,0.0,0.4551855137218827,46.0,3.466666666666667,ASJP,0.0
Kungarakany,1,0,0.0,0.45652173913043476,46.0,12.0,ASJP,0.0
Kunimaipan,7,0,0.0,0.6820202112858987,67.0,7.818571428571429,ASJP,0.0
Kunza,1,0,0.0,0.5967741935483871,62.0,23.0,ASJP,0.0
Kuot,1,0,0.0,0.5,40.0,3.05,ASJP,0.0
Kusunda,2,0,0.0,0.6909090909090909,40.0,28.0,ASJP,0.0
Kutenai,1,0,0.0,0.4090909090909091,110.0,49.5,ASJP,0.0
Laal,1,0,0.0,0.47058823529411764,34.0,10.0,ASJP,0.0
Lafofa,1,0,0.0,0.63,100.0,10.25,ASJP,0.0
Laragia,1,0,0.0,0.625,32.0,12.67,ASJP,0.0
Lavukaleve,1,0,0.0,0.6578947368421053,38.0,9.08,ASJP,0.0
Leco,1,0,0.0,0.5609756097560976,41.0,16.0,ASJP,0.0
Lencan,2,0,0.0,0.5488400488400489,51.0,13.915,ASJP,0.0
Lengua-Mascoy,5,0,0.0,0.534234230126159,48.0,22.740000000000002,ASJP,0.0
Lepki-Murkim-Kembra,5,0,0.0,0.4938683002876402,38.0,4.090000000000001,ASJP,0.0
Limilngan-Wulna,1,0,0.0,0.45454545454545453,33.0,12.5,ASJP,0.0
Lower Sepik,15,0,0.0,0.390438874657524,31.0,4.212,ASJP,0.0
Lule,1,0,0.0,0.4888888888888889,45.0,27.45,ASJP,0.0
Maban,4,0,0.0,0.6004151793625478,60.0,12.2275,ASJP,0.0
Maiduan,4,0,0.0,0.4414366070564668,35.0,39.5,ASJP,0.0
Mairasic,5,0,0.0,0.9347448630540942,92.0,3.3600000000000003,ASJP,0.0
Mangarrayi-Maran,5,0,0.0,0.5553313435666377,51.0,14.886000000000001,ASJP,0.0
Marori,5,0,0.0,0.5071699944430079,31.0,8.58,ASJP,0.0
Marrku-Wurrugu,1,0,0.0,0.425,40.0,11.08,ASJP,0.0
Massep,1,0,0.0,0.9693877551020408,98.0,1.75,ASJP,0.0
Mataguayan,8,0,0.0,0.379280342279083,43.0,23.3125,ASJP,0.0
Mawes,1,0,0.0,0.42990654205607476,107.0,2.17,ASJP,0.0
Mayan,108,0,0.0,0.10437708125436937,47.0,15.644351851851852,ASJP,0.0
Maybratic,3,0,0.0,0.5079895594601477,34.0,0.9433333333333334,ASJP,0.0
Misumalpan,4,0,0.0,0.536449864498645,40.5,13.5325,ASJP,0.0
Mixe-Zoque,26,0,0.0,0.22935219929736111,99.5,17.231923076923074,ASJP,0.0
Mochica,1,0,0.0,0.20512820512820512,39.0,7.5,ASJP,0.0
Molale,2,0,0.0,0.21160368217054265,69.5,44.5,ASJP,0.0
Molof,2,0,0.0,0.7461300309597523,90.0,3.42,ASJP,0.0
Mombum-Koneraw,3,0,0.0,0.3889915419025451,89.0,8.276666666666666,ASJP,0.0
Mongolic-Khitan,33,0,0.0,0.4175903569126441,38.0,41.55848484848485,ASJP,0.0
Mor (Bomberai Peninsula),3,0,0.0,0.8600478468899522,38.0,2.83,ASJP,0.0
Mosetén-Chimané,1,0,0.0,0.375,32.0,14.75,ASJP,0.0
Movima,1,0,0.0,0.8235294117647058,102.0,13.83,ASJP,0.0
Mpur,1,0,0.0,0.11818181818181818,110.0,0.75,ASJP,0.0
Muniche,1,0,0.0,0.9333333333333333,60.0,5.83,ASJP,0.0
Muno,2,0,0.0,0.6578723404255319,61.0,3.5,ASJP,0.0
Naduhup,4,0,0.0,0.05901353199045206,56.5,0.355,ASJP,0.0
Nambiquaran,4,0,0.0,0.5750145752080736,33.0,13.0125,ASJP,0.0
Namla-Tofanma,3,0,0.0,0.938776199645765,91.0,3.6933333333333334,ASJP,0.0
Nara,1,0,0.0,0.6666666666666666,102.0,15.08,ASJP,0.0
Natchez,1,0,0.0,0.4166666666666667,48.0,31.75,ASJP,0.0
Ndu,19,0,0.0,0.6769589206219445,74.0,3.966842105263158,ASJP,0.0
Nihali,3,0,0.0,0.5948464692604613,47.0,19.75,ASJP,0.0
Nilotic,62,0,0.0,0.5043147667066772,39.5,4.187903225806451,ASJP,0.0
Nimboranic,9,0,0.0,0.4316671372910243,36.0,2.5655555555555556,ASJP,0.0
Nivkh,7,0,0.0,0.18147840700336815,49.0,53.33,ASJP,0.0
North-Eastern Tasmanian,1,0,0.0,0.3181818181818182,22.0,41.33,ASJP,0.0
Northern Daly,2,0,0.0,0.39655172413793105,29.0,13.21,ASJP,0.0
Nubian,13,0,0.0,0.5308580135829711,38.0,16.916153846153847,ASJP,0.0
Nuclear Torricelli,148,0,0.0,0.5484823622246802,78.0,3.5331756756756754,ASJP,0.0
Nyimang,2,0,0.0,0.6301111027133248,116.0,12.32,ASJP,0.0
Nyulnyulan,5,0,0.0,0.5592299173694523,35.0,17.416,ASJP,0.0
Odiai,2,0,0.0,0.7361147327249022,62.0,3.83,ASJP,0.0
Omurano,1,0,0.0,0.9130434782608695,23.0,4.92,ASJP,0.0
Ongota,2,0,0.0,0.8912483912483913,71.0,5.33,ASJP,0.0
Pahoturi,3,0,0.0,0.6233626519128008,38.0,8.89,ASJP,0.0
Palaihnihan,2,0,0.0,0.6052565392354124,99.0,41.125,ASJP,0.0
Papi,2,0,0.0,0.938963700234192,58.5,4.5,ASJP,0.0
Pauwasi,11,0,0.0,0.6573522944625753,60.0,3.651818181818182,ASJP,0.0
Peba-Yagua,4,0,0.0,0.7257536614154261,35.0,3.6675,ASJP,0.0
Pele-Ata,1,0,0.0,0.9504132231404959,121.0,5.67,ASJP,0.0
Piawi,4,0,0.0,0.8436881018279698,32.5,5.2675,ASJP,0.0
Pomoan,7,0,0.0,0.7774300304254221,32.0,39.04714285714285,ASJP,0.0
Puelche,2,0,0.0,0.46006066734074824,44.5,41.0,ASJP,0.0
Puinave,2,0,0.0,0.3407700152983172,71.5,4.0,ASJP,0.0
Puquina,1,0,0.0,0.8717948717948718,39.0,15.84,ASJP,0.0
Purari,1,0,0.0,0.9896907216494846,97.0,7.58,ASJP,0.0
Puri-Coroado,1,0,0.0,0.9032258064516129,31.0,19.5,ASJP,0.0
Pyu,2,0,0.0,0.6139755766621438,61.0,4.42,ASJP,0.0
Páez,2,0,0.0,0.5117967332123412,71.5,2.67,ASJP,0.0
Quechuan,62,0,0.0,0.8032407135974845,39.0,8.287419354838711,ASJP,0.0
Ramu,40,0,0.0,0.4823333020114259,67.5,4.4375,ASJP,0.0
Rashad,2,0,0.0,0.4095238095238095,72.0,11.82,ASJP,0.0
Sahaptian,4,0,0.0,0.3088999542124542,38.5,46.0025,ASJP,0.0
Saharan,11,0,0.0,0.7923473958851985,57.0,14.512727272727272,ASJP,0.0
Salinan,1,0,0.0,0.22950819672131148,61.0,36.0,ASJP,0.0
Salishan,30,0,0.0,0.10448830997862729,103.0,48.64233333333333,ASJP,0.0
Sandawe,1,0,0.0,0.6857142857142857,35.0,5.0,ASJP,0.0
Sapé,1,0,0.0,0.8,30.0,5.0,ASJP,0.0
Sause,1,0,0.0,0.37777777777777777,45.0,3.17,ASJP,0.0
Sentanic,12,0,0.0,0.6887180131400065,40.5,2.4116666666666666,ASJP,0.0
Seri,1,0,0.0,0.2689075630252101,119.0,29.0,ASJP,0.0
Shabo,1,0,0.0,0.62,50.0,7.58,ASJP,0.0
Shastan,2,0,0.0,0.5808823529411764,56.5,41.83,ASJP,0.0
Shom Peng,1,0,0.0,0.475,40.0,7.0,ASJP,0.0
Siamou,3,0,0.0,0.7494186918691869,33.0,11.0,ASJP,0.0
Siuslaw,1,0,0.0,0.3951612903225806,124.0,44.0,ASJP,0.0
Songhay,14,0,0.0,0.8231235393488847,50.0,15.45857142857143,ASJP,0.0
South Bougainville,3,0,0.0,0.6926984126984127,75.0,6.566666666666666,ASJP,0.0
South Omotic,7,0,0.0,0.8351347015981163,40.0,5.574285714285715,ASJP,0.0
Southern Daly,4,0,0.0,0.7131165956596991,33.0,14.335,ASJP,0.0
Speech Register,6,0,0.0,0.4827847185303326,32.5,39.82333333333333,ASJP,0.0
Sulka,3,0,0.0,0.31417874396135265,46.0,5.08,ASJP,0.0
Sumerian,1,0,0.0,0.48936170212765956,47.0,31.32,ASJP,0.0
Surmic,14,0,0.0,0.6234182894112671,43.0,5.8221428571428575,ASJP,0.0
Tai-Kadai,224,0,0.0,0.48013187982983074,40.5,23.017008928571432,ASJP,0.0
Taiap,2,0,0.0,0.3908045977011494,65.5,4.08,ASJP,0.0
Takelma,1,0,0.0,0.4811320754716981,106.0,42.5,ASJP,0.0
Tamaic,3,0,0.0,0.5090505890505891,37.0,14.11,ASJP,0.0
Tambora,1,0,0.0,0.40625,32.0,8.25,ASJP,0.0
Taulil-Butam,1,0,0.0,0.29591836734693877,98.0,4.42,ASJP,0.0
Taushiro,1,0,0.0,0.6857142857142857,35.0,2.5,ASJP,0.0
Temeinic,2,0,0.0,0.2495369417575633,78.0,11.625,ASJP,0.0
Tequistlatecan,2,0,0.0,0.5147761842677097,78.5,16.125,ASJP,0.0
Ticuna-Yuri,1,0,0.0,0.9090909090909091,33.0,4.0,ASJP,0.0
Tonkawa,1,0,0.0,0.35294117647058826,34.0,30.25,ASJP,0.0
Tor-Orya,19,0,0.0,0.42655101549626623,37.0,2.277368421052632,ASJP,0.0
Totonacan,10,0,0.0,0.478727440784565,99.0,20.296,ASJP,0.0
Trumai,1,0,0.0,0.5348837209302325,86.0,11.92,ASJP,0.0
Tsimshian,3,0,0.0,0.1478470340258958,54.0,54.276666666666664,ASJP,0.0
Tunica,1,0,0.0,0.975609756097561,41.0,32.67,ASJP,0.0
Turkic,76,0,0.0,0.20843776191536642,39.0,43.451184210526314,ASJP,0.0
Tuu,10,0,0.0,0.7895784785308984,39.5,25.058,ASJP,0.0
Umbugarla,1,0,0.0,0.47619047619047616,42.0,13.0,ASJP,0.0
Uralic,65,0,0.0,0.5449320517046918,66.0,61.27246153846154,ASJP,0.0
Urarina,1,0,0.0,0.9655172413793104,29.0,4.0,ASJP,0.0
Uru-Chipaya,4,0,0.0,0.614124347413384,46.0,18.4375,ASJP,0.0
Usku,2,0,0.0,0.9375,64.0,3.67,ASJP,0.0
Vilela,1,0,0.0,0.5555555555555556,45.0,27.33,ASJP,0.0
Wadjiginy,3,0,0.0,0.39080459770114945,29.0,13.17,ASJP,0.0
Wageman,1,0,0.0,0.27450980392156865,51.0,14.0,ASJP,0.0
Wakashan,7,0,0.0,0.3893380861308858,43.0,50.582857142857144,ASJP,0.0
Walioic,5,0,0.0,0.884648820030176,55.0,4.529999999999999,ASJP,0.0
Waorani,1,0,0.0,0.9743589743589743,39.0,1.0,ASJP,0.0
Washo,2,0,0.0,0.31217512994802077,71.5,39.25,ASJP,0.0
West Bird's Head,8,0,0.0,0.4091233521628157,42.5,1.1775,ASJP,0.0
West Bomberai,5,0,0.0,0.21825543768279715,41.0,2.936,ASJP,0.0
Western Daly,9,0,0.0,0.6145320197044335,29.0,13.726666666666667,ASJP,0.0
Wintuan,2,0,0.0,0.37578125,84.0,40.105000000000004,ASJP,0.0
Worrorran,5,0,0.0,0.709611874311779,47.0,15.346,ASJP,0.0
Xincan,1,0,0.0,0.746031746031746,63.0,14.2,ASJP,0.0
Yam,25,0,0.0,0.4954546897878673,40.0,8.579600000000001,ASJP,0.0
Yana,1,0,0.0,0.8153846153846154,130.0,40.5,ASJP,0.0
Yangmanic,2,0,0.0,0.45695187165775397,44.5,15.085,ASJP,0.0
Yawa-Saweru,8,0,0.0,0.6519431406264523,29.0,1.77125,ASJP,0.0
Yele,1,0,0.0,0.9464285714285714,56.0,11.37,ASJP,0.0
Yeniseian,9,0,0.0,0.25693320804188996,44.0,60.04222222222222,ASJP,0.0
Yerakai,2,0,0.0,0.37926829268292683,66.0,4.25,ASJP,0.0
Yetfa,5,0,0.0,0.4657746478873239,65.0,4.08,ASJP,0.0
Yokutsan,2,0,0.0,0.10114942528735632,29.5,36.08,ASJP,0.0
Yuat,9,0,0.0,0.48836683522074825,37.0,4.433333333333334,ASJP,0.0
Yukaghir,4,0,0.0,0.5739082876683234,81.0,67.375,ASJP,0.0
Yuki-Wappo,2,0,0.0,0.26515151515151514,49.0,39.085,ASJP,0.0
Yámana,1,0,0.0,0.5238095238095238,42.0,55.0,ASJP,0.0
Zamucoan,3,0,0.0,0.5879620267385687,46.0,20.36,ASJP,0.0
Zuni,1,0,0.0,0.8602150537634409,93.0,35.08,ASJP,0.0
